{"chunk_definitions":[{"row":17,"row_count":1,"visible":true,"expansion_state":0,"options":{"engine":"r","label":"setup","include":false},"document_id":"DBCF0ED1","chunk_id":"csetup_chunk","chunk_label":"setup"},{"row":27,"row_count":1,"visible":true,"expansion_state":0,"options":{"engine":"r","warning":false,"label":"unnamed-chunk-2"},"document_id":"DBCF0ED1","chunk_id":"cxbwugdxzjtsf","chunk_label":"unnamed-chunk-1"},{"row":93,"row_count":1,"visible":true,"expansion_state":0,"options":{"engine":"r","label":"unnamed-chunk-15"},"document_id":"DBCF0ED1","chunk_id":"c698ebmjp18fv","chunk_label":"unnamed-chunk-6"},{"row":119,"row_count":1,"visible":true,"expansion_state":0,"options":{"engine":"r","label":"unnamed-chunk-24"},"document_id":"DBCF0ED1","chunk_id":"ct41057623bny","chunk_label":"unnamed-chunk-7"},{"row":319,"row_count":1,"visible":true,"expansion_state":0,"options":{"engine":"r","label":"unnamed-chunk-4"},"document_id":"DBCF0ED1","chunk_id":"cdsl2e1e3qqg0","chunk_label":"unnamed-chunk-20"},{"row":340,"row_count":1,"visible":true,"expansion_state":0,"options":{"engine":"r","label":"unnamed-chunk-10"},"document_id":"DBCF0ED1","chunk_id":"c782udbety59e","chunk_label":"unnamed-chunk-21"},{"row":357,"row_count":1,"visible":true,"expansion_state":0,"options":{"engine":"r","label":"unnamed-chunk-13"},"document_id":"DBCF0ED1","chunk_id":"cs45hzag1u7xz","chunk_label":"unnamed-chunk-22"}],"doc_write_time":1666185639,"working_dir":null,"default_chunk_options":{"echo":true}}