{"chunk_definitions":[{"row":17,"row_count":1,"visible":true,"expansion_state":0,"options":{"engine":"r","label":"setup","include":false},"document_id":"DBCF0ED1","chunk_id":"csetup_chunk","chunk_label":"setup"},{"row":27,"row_count":1,"visible":true,"expansion_state":0,"options":{"engine":"r","warning":false,"label":"unnamed-chunk-2"},"document_id":"DBCF0ED1","chunk_id":"cxbwugdxzjtsf","chunk_label":"unnamed-chunk-1"},{"row":357,"row_count":1,"visible":true,"expansion_state":0,"options":{"engine":"r","label":"unnamed-chunk-13"},"document_id":"DBCF0ED1","chunk_id":"cs45hzag1u7xz","chunk_label":"unnamed-chunk-19"}],"doc_write_time":1666605708}