"0","#Factor the characters
membership1 <- membership %>% 
  mutate(across(c(2,5,6), as_factor)) %>% 
  glimpse()
"
"1","Rows: 300"
"1",""
"1","
"
"1","Columns: 6"
"1",""
"1","
"
"1","$ age       [3m[38;5;246m<dbl>[39m[23m 47.31613, 31.38684, 43.20034,…
$ gender    [3m[38;5;246m<fct>[39m[23m Male, Male, Male, Female, Fem…
$ income    [3m[38;5;246m<dbl>[39m[23m 49482.81, 35546.29, 44169.19,…
$ kids      [3m[38;5;246m<int>[39m[23m 2, 1, 0, 1, 3, 4, 3, 0, 1, 0,…
$ ownHome   [3m[38;5;246m<fct>[39m[23m ownNo, ownYes, ownYes, ownNo,…
$ subscribe [3m[38;5;246m<fct>[39m[23m subNo, subNo, subNo, subNo, s…"
"1",""
"1","
"
