{"chunk_definitions":[{"row":17,"row_count":1,"visible":true,"expansion_state":0,"options":{"engine":"r","label":"setup","include":false},"document_id":"DBCF0ED1","chunk_id":"csetup_chunk","chunk_label":"setup"},{"row":27,"row_count":1,"visible":true,"expansion_state":0,"options":{"engine":"r","warning":false,"label":"unnamed-chunk-4"},"document_id":"DBCF0ED1","chunk_id":"cxbwugdxzjtsf","chunk_label":"unnamed-chunk-1"},{"row":72,"row_count":1,"visible":true,"expansion_state":0,"options":{"engine":"r","label":"unnamed-chunk-1"},"document_id":"DBCF0ED1","chunk_id":"cdjaxq6zqs9i9","chunk_label":"unnamed-chunk-5"},{"row":93,"row_count":1,"visible":true,"expansion_state":0,"options":{"engine":"r","label":"unnamed-chunk-15"},"document_id":"DBCF0ED1","chunk_id":"c698ebmjp18fv","chunk_label":"unnamed-chunk-6"},{"row":119,"row_count":1,"visible":true,"expansion_state":0,"options":{"engine":"r","label":"unnamed-chunk-2"},"document_id":"DBCF0ED1","chunk_id":"ct41057623bny","chunk_label":"unnamed-chunk-7"},{"row":151,"row_count":1,"visible":true,"expansion_state":0,"options":{"engine":"r","label":"unnamed-chunk-6"},"document_id":"DBCF0ED1","chunk_id":"cjr0b4i3bf76x","chunk_label":"unnamed-chunk-9"},{"row":170,"row_count":1,"visible":true,"expansion_state":0,"options":{"engine":"r","label":"unnamed-chunk-11"},"document_id":"DBCF0ED1","chunk_id":"c99ubf7o1lopn","chunk_label":"unnamed-chunk-10"},{"row":180,"row_count":1,"visible":true,"expansion_state":0,"options":{"engine":"r","label":"unnamed-chunk-14"},"document_id":"DBCF0ED1","chunk_id":"cwx9ypmrtegju","chunk_label":"unnamed-chunk-11"},{"row":319,"row_count":1,"visible":true,"expansion_state":0,"options":{"engine":"r","label":"unnamed-chunk-4"},"document_id":"DBCF0ED1","chunk_id":"cdsl2e1e3qqg0","chunk_label":"unnamed-chunk-20"},{"row":340,"row_count":1,"visible":true,"expansion_state":0,"options":{"engine":"r","label":"unnamed-chunk-10"},"document_id":"DBCF0ED1","chunk_id":"c782udbety59e","chunk_label":"unnamed-chunk-21"},{"row":357,"row_count":1,"visible":true,"expansion_state":0,"options":{"engine":"r","label":"unnamed-chunk-13"},"document_id":"DBCF0ED1","chunk_id":"cs45hzag1u7xz","chunk_label":"unnamed-chunk-22"}],"doc_write_time":1666186428}